0,0,0,0,-1,0
0,0,0,0,-1,0
0,0,0,0,-1,0
0,0,0,0,-1,0
0,0,0,0,-1,0
0,0,0,0,-1,0
0,0,0,0,-1,0
0,0,0,0,-1,0
0,0,0,0,-1,0
0,0,0,0,-1,0
0,0,0,0,-1,0
0,0,0,0,-1,0
0,0,0,0,-1,0
0,0,0,0,-1,0
0,0,0,0,-1,0
0,0,0,0,-1,0
0,0,0,0,-1,0
0,0,0,0,-1,0
0,0,0,0,-1,0
0,0,0,0,-1,0
0,0,0,0,-1,0
0,0,0,0,-1,0
0,0,0,0,-1,0
0,0,0,0,-1,0
0,0,0,0,-1,0
0,0,0,0,-1,0
0,0,0,0,-1,0
0,0,0,0,-1,0
0,0,0,0,-1,0
0,0,0,0,-1,0
0,0,0,0,-1,0
0,0,0,0,-1,0
0,0,0,0,-1,0
0,0,0,0,-1,0
0,0,0,0,-1,0
0,0,0,0,-1,0
0,0,0,0,-1,0
0,0,0,0,-1,0
0,0,0,0,-1,0
0,0,0,0,-1,0
0,0,0,0,-1,0
0,0,0,0,-1,0
0,0,0,0,-1,0
0,0,0,0,-1,0
0,0,0,0,-1,0
0,0,0,0,-1,0
0,0,0,0,-1,0
0,0,0,0,-1,0
0,0,0,0,-1,0
0,0,0,0,-1,0
0,0,0,0,-1,0
0,0,0,0,-1,0
0,0,0,0,-1,0
0,0,0,0,-1,0
0,0,0,0,-1,0
0,0,0,0,-1,0
0,0,0,0,-1,0
0,0,0,0,-1,0
0,0,0,0,-1,0
0,0,0,0,-1,0
0,0,0,0,-1,0
0,0,0,0,-1,0
0,0,0,0,-1,0
0,0,0,0,-1,0
0,0,0,0,-1,0
0,0,0,0,-1,0
0,0,0,0,-1,0
0,0,0,0,-1,0
0,0,0,0,-1,0
0,0,0,0,-1,0
0,0,0,0,-1,0
0,0,0,0,-1,0
0,0,0,0,-1,0
0,0,0,0,-1,0
0,0,0,0,-1,0
0,0,0,0,-1,0
0,0,0,0,-1,0
0,0,0,0,-1,0
0,0,0,0,-1,0
0,0,0,0,-1,0
0,0,0,0,-1,0
0,0,0,0,-1,0
0,0,0,0,-1,0
0,0,0,0,-1,0
0,0,0,0,-1,0
0,0,0,0,-1,0
0,0,0,0,-1,0
0,0,0,0,-1,0
0,0,0,0,-1,0
0,0,0,0,-1,0
0,0,0,0,-1,0
0,0,0,0,-1,0
0,0,0,0,-1,0
0,0,0,0,-1,0
0,0,0,0,-1,0
0,0,0,0,-1,0
0,0,0,0,-1,0
0,0,0,0,-1,0
0,0,0,0,0,-3
0,0,0,0,0,2
0,0,0,0,-1,0
0,0,0,0,-1,0
0,0,0,0,-1,0
0,0,0,0,-1,0
0,0,0,0,-1,0
0,0,0,0,-1,0
0,0,0,0,-1,0
0,0,0,0,-1,0
0,0,0,0,-1,0
0,0,0,0,-1,0
0,0,0,0,-1,0
0,0,0,0,-1,0
0,0,0,0,-1,0
0,0,0,0,-1,0
0,0,0,0,-1,0
0,0,0,0,-1,0
0,0,0,0,-1,0
0,0,0,0,-1,0
0,0,0,0,-1,0
0,0,0,0,-1,0
0,0,0,0,-1,0
0,0,0,0,-1,0
0,0,0,0,-1,0
0,0,0,0,-1,0
0,0,0,0,-1,0
0,0,0,0,-1,0
0,0,0,0,-1,0
0,0,0,0,-1,0
0,0,0,0,-1,0
0,0,0,0,-1,0
0,0,0,0,-1,0
0,0,0,0,-1,0
0,0,0,0,-1,0
0,0,0,0,-1,0
0,0,0,0,-1,0
0,0,0,0,-1,0
0,0,0,0,-1,0
0,0,0,0,-1,0
0,0,0,0,-1,0
0,0,0,0,-1,0
0,0,0,0,-1,0
0,0,0,0,-1,0
0,0,0,0,-1,0
0,0,0,0,-1,0
0,0,0,0,-1,0
0,0,0,0,-1,0
0,0,0,0,-1,0
0,0,0,0,-1,0
0,0,0,0,-1,0
0,0,0,0,-1,0
0,0,0,0,-1,0
0,0,0,0,-1,0
0,0,0,0,-1,0
0,0,0,0,-1,0
0,0,0,0,-1,0
0,0,0,0,-1,0
0,0,0,0,-1,0
0,0,0,0,-1,0
0,0,0,0,-1,0
0,0,0,0,-1,0
0,0,0,0,-1,0
0,0,0,0,-1,0
0,0,0,0,-1,0
0,0,0,0,-1,0
0,0,0,0,-1,0
0,0,0,0,-1,0
0,0,0,0,-1,0
0,0,0,0,-1,0
0,0,0,0,-1,0
0,0,0,0,-1,0
0,0,0,0,-1,0
0,0,0,0,-1,0
0,0,0,0,-1,0
0,0,0,0,-1,0
0,0,0,0,-1,0
0,0,0,0,-1,0
0,0,0,0,-1,0
0,0,0,0,-1,0
0,0,0,0,-1,0
0,0,0,0,-1,0
0,0,0,0,-1,0
0,0,0,0,-1,0
0,0,0,0,-1,0
0,0,0,0,-1,0
0,0,0,0,-1,0
0,0,0,0,-1,0
0,0,0,0,-1,0
0,0,0,0,-1,0
0,0,0,0,-1,0
0,0,0,0,-1,0
0,0,0,0,-1,0
0,0,0,0,-1,0
0,0,0,0,-1,0
0,0,0,0,-1,0
0,0,0,0,-1,0
0,0,0,0,-1,0
0,0,0,0,-1,0
0,0,0,0,-1,0
0,0,0,0,0,-3
0,0,0,0,0,2
0,0,0,0,-1,0
0,0,0,0,-1,0
0,0,0,0,-1,0
0,0,0,0,-1,0
0,0,0,0,-1,0
0,0,0,0,-1,0
0,0,0,0,-1,0
0,0,0,0,-1,0
0,0,0,0,-1,0
0,0,0,0,-1,0
0,0,0,0,-1,0
0,0,0,0,-1,0
0,0,0,0,-1,0
0,0,0,0,-1,0
0,0,0,0,-1,0
0,0,0,0,-1,0
0,0,0,0,-1,0
0,0,0,0,-1,0
0,0,0,0,-1,0
0,0,0,0,-1,0
0,0,0,0,-1,0
0,0,0,0,-1,0
0,0,0,0,-1,0
0,0,0,0,-1,0
0,0,0,0,-1,0
0,0,0,0,-1,0
0,0,0,0,-1,0
0,0,0,0,-1,0
0,0,0,0,-1,0
0,0,0,0,-1,0
0,0,0,0,-1,0
0,0,0,0,-1,0
0,0,0,0,-1,0
0,0,0,0,-1,0
0,0,0,0,-1,0
0,0,0,0,-1,0
0,0,0,0,-1,0
0,0,0,0,-1,0
0,0,0,0,-1,0
0,0,0,0,-1,0
0,0,0,0,-1,0
0,0,0,0,-1,0
0,0,0,0,-1,0
0,0,0,0,-1,0
0,0,0,0,-1,0
0,0,0,0,-1,0
0,0,0,0,-1,0
0,0,0,0,-1,0
0,0,0,0,-1,0
0,0,0,0,-1,0
0,0,0,0,-1,0
0,0,0,0,-1,0
0,0,0,0,-1,0
0,0,0,0,-1,0
0,0,0,0,-1,0
0,0,0,0,-1,0
0,0,0,0,-1,0
0,0,0,0,-1,0
0,0,0,0,-1,0
0,0,0,0,-1,0
0,0,0,0,-1,0
0,0,0,0,-1,0
0,0,0,0,-1,0
0,0,0,0,-1,0
0,0,0,0,-1,0
0,0,0,0,-1,0
0,0,0,0,-1,0
0,0,0,0,-1,0
0,0,0,0,-1,0
0,0,0,0,-1,0
0,0,0,0,-1,0
0,0,0,0,-1,0
0,0,0,0,-1,0
0,0,0,0,-1,0
0,0,0,0,-1,0
0,0,0,0,-1,0
0,0,0,0,-1,0
0,0,0,0,-1,0
0,0,0,0,-1,0
0,0,0,0,-1,0
0,0,0,0,-1,0
0,0,0,0,-1,0
0,0,0,0,-1,0
0,0,0,0,-1,0
0,0,0,0,-1,0
0,0,0,0,-1,0
0,0,0,0,-1,0
0,0,0,0,-1,0
0,0,0,0,-1,0
0,0,0,0,-1,0
0,0,0,0,-1,0
0,0,0,0,-1,0
0,0,0,0,-1,0
0,0,0,0,-1,0
0,0,0,0,-1,0
0,0,0,0,-1,0
0,0,0,0,-1,0
0,0,0,0,-1,0
0,0,0,0,0,-3
0,0,0,0,0,2
0,0,0,0,-1,0
0,0,0,0,-1,0
0,0,0,0,-1,0
0,0,0,0,-1,0
0,0,0,0,-1,0
0,0,0,0,-1,0
0,0,0,0,-1,0
0,0,0,0,-1,0
0,0,0,0,-1,0
0,0,0,0,-1,0
0,0,0,0,-1,0
0,0,0,0,-1,0
0,0,0,0,-1,0
0,0,0,0,-1,0
0,0,0,0,-1,0
0,0,0,0,-1,0
0,0,0,0,-1,0
0,0,0,0,-1,0
0,0,0,0,-1,0
0,0,0,0,-1,0
0,0,0,0,-1,0
0,0,0,0,-1,0
0,0,0,0,-1,0
0,0,0,0,-1,0
0,0,0,0,-1,0
0,0,0,0,-1,0
0,0,0,0,-1,0
0,0,0,0,-1,0
0,0,0,0,-1,0
0,0,0,0,-1,0
0,0,0,0,-1,0
0,0,0,0,-1,0
0,0,0,0,-1,0
0,0,0,0,-1,0
0,0,0,0,-1,0
0,0,0,0,-1,0
0,0,0,0,-1,0
0,0,0,0,-1,0
0,0,0,0,-1,0
0,0,0,0,-1,0
0,0,0,0,-1,0
0,0,0,0,-1,0
0,0,0,0,-1,0
0,0,0,0,-1,0
0,0,0,0,-1,0
0,0,0,0,-1,0
0,0,0,0,-1,0
0,0,0,0,-1,0
0,0,0,0,-1,0
0,0,0,0,-1,0
0,0,0,0,-1,0
0,0,0,0,-1,0
0,0,0,0,-1,0
0,0,0,0,-1,0
0,0,0,0,-1,0
0,0,0,0,-1,0
0,0,0,0,-1,0
0,0,0,0,-1,0
0,0,0,0,-1,0
0,0,0,0,-1,0
0,0,0,0,-1,0
0,0,0,0,-1,0
0,0,0,0,-1,0
0,0,0,0,-1,0
0,0,0,0,-1,0
0,0,0,0,-1,0
0,0,0,0,-1,0
0,0,0,0,-1,0
0,0,0,0,-1,0
0,0,0,0,-1,0
0,0,0,0,-1,0
0,0,0,0,-1,0
0,0,0,0,-1,0
0,0,0,0,-1,0
0,0,0,0,-1,0
0,0,0,0,-1,0
0,0,0,0,-1,0
0,0,0,0,-1,0
0,0,0,0,-1,0
0,0,0,0,-1,0
0,0,0,0,-1,0
0,0,0,0,-1,0
0,0,0,0,-1,0
0,0,0,0,-1,0
0,0,0,0,-1,0
0,0,0,0,-1,0
0,0,0,0,-1,0
0,0,0,0,-1,0
0,0,0,0,-1,0
0,0,0,0,-1,0
0,0,0,0,-1,0
0,0,0,0,-1,0
0,0,0,0,-1,0
0,0,0,0,-1,0
0,0,0,0,-1,0
0,0,0,0,-1,0
0,0,0,0,-1,0
0,0,0,0,-1,0
0,0,0,0,0,-3
0,0,0,0,0,2
0,0,0,0,-1,0
0,0,0,0,-1,0
0,0,0,0,-1,0
0,0,0,0,-1,0
0,0,0,0,-1,0
0,0,0,0,-1,0
0,0,0,0,-1,0
0,0,0,0,-1,0
0,0,0,0,-1,0
0,0,0,0,-1,0
0,0,0,0,-1,0
0,0,0,0,-1,0
0,0,0,0,-1,0
0,0,0,0,-1,0
0,0,0,0,-1,0
0,0,0,0,-1,0
0,0,0,0,-1,0
0,0,0,0,-1,0
0,0,0,0,-1,0
0,0,0,0,-1,0
0,0,0,0,-1,0
0,0,0,0,-1,0
0,0,0,0,-1,0
0,0,0,0,-1,0
0,0,0,0,-1,0
0,0,0,0,-1,0
0,0,0,0,-1,0
0,0,0,0,-1,0
0,0,0,0,-1,0
0,0,0,0,-1,0
0,0,0,0,-1,0
0,0,0,0,-1,0
0,0,0,0,-1,0
0,0,0,0,-1,0
0,0,0,0,-1,0
0,0,0,0,-1,0
0,0,0,0,-1,0
0,0,0,0,-1,0
0,0,0,0,-1,0
0,0,0,0,-1,0
0,0,0,0,-1,0
0,0,0,0,-1,0
0,0,0,0,-1,0
0,0,0,0,-1,0
0,0,0,0,-1,0
0,0,0,0,-1,0
0,0,0,0,-1,0
0,0,0,0,-1,0
0,0,0,0,-1,0
0,0,0,0,-1,0
0,0,0,0,-1,0
0,0,0,0,-1,0
0,0,0,0,-1,0
0,0,0,0,-1,0
0,0,0,0,-1,0
0,0,0,0,-1,0
0,0,0,0,-1,0
0,0,0,0,-1,0
0,0,0,0,-1,0
0,0,0,0,-1,0
0,0,0,0,-1,0
0,0,0,0,-1,0
0,0,0,0,-1,0
0,0,0,0,-1,0
0,0,0,0,-1,0
0,0,0,0,-1,0
0,0,0,0,-1,0
0,0,0,0,-1,0
0,0,0,0,-1,0
0,0,0,0,-1,0
0,0,0,0,-1,0
0,0,0,0,-1,0
0,0,0,0,-1,0
0,0,0,0,-1,0
0,0,0,0,-1,0
0,0,0,0,-1,0
0,0,0,0,-1,0
0,0,0,0,-1,0
0,0,0,0,-1,0
0,0,0,0,-1,0
0,0,0,0,-1,0
0,0,0,0,-1,0
0,0,0,0,-1,0
0,0,0,0,-1,0
0,0,0,0,-1,0
0,0,0,0,-1,0
0,0,0,0,-1,0
0,0,0,0,-1,0
0,0,0,0,-1,0
0,0,0,0,-1,0
0,0,0,0,-1,0
0,0,0,0,-1,0
0,0,0,0,-1,0
0,0,0,0,-1,0
0,0,0,0,-1,0
0,0,0,0,-1,0
0,0,0,0,-1,0
0,0,0,0,-1,0
0,0,0,0,0,-3
0,6,0,0,0,2
0,12,0,0,-1,0
0,25,0,0,-1,0
0,50,0,0,-1,0
0,100,0,0,-1,0
0,150,0,0,-1,0
0,200,0,0,-1,0
0,250,0,0,-1,0
0,300,0,0,-1,0
0,350,0,0,-1,0
0,400,0,0,-1,0
0,450,0,0,-1,0
0,500,0,0,-1,0
0,550,0,0,-1,0
0,600,0,0,-1,0
0,650,0,0,-1,0
0,700,0,0,-1,0
0,750,0,0,-1,0
0,800,0,0,-1,0
0,850,0,0,-1,0
0,900,0,0,-1,0
0,950,0,0,-1,0
0,1000,0,0,-1,0
0,1100,0,0,-1,0
0,1200,0,0,-1,0
0,1300,0,0,-1,0
0,1400,0,0,-1,0
0,1500,0,0,-1,0
0,1600,0,0,-1,0
0,1700,0,0,-1,0
0,1800,0,0,-1,0
0,1900,0,0,-1,0
0,2000,0,0,-1,0
0,200,0,0,-1,0
0,20,0,0,-1,0
0,2,0,0,-1,0
0,0,0,0,-1,0
0,0,0,0,-1,0
0,0,0,0,-1,0
0,0,0,0,-1,0
0,0,0,0,-1,0
0,0,0,0,-1,0
0,0,0,0,-1,0
0,0,0,0,-1,0
0,0,0,0,-1,0
0,0,0,0,-1,0
0,0,0,0,-1,0
0,0,0,0,-1,0
0,0,0,0,-1,0
0,0,0,0,-1,0
0,0,0,0,-1,0
0,0,0,0,-1,0
0,0,0,0,-1,0
0,0,0,0,-1,0
0,0,0,0,-1,0
0,0,0,0,-1,0
0,0,0,0,-1,0
0,0,0,0,-1,0
0,0,0,0,-1,0
0,0,0,0,-1,0
0,0,0,0,-1,0
0,0,0,0,-1,0
0,0,0,0,-1,0
0,0,0,0,-1,0
0,0,0,0,-1,0
0,0,0,0,-1,0
0,0,0,0,-1,0
0,0,0,0,-1,0
0,0,0,0,-1,0
0,0,0,0,-1,0
0,0,0,0,-1,0
0,0,0,0,-1,0
0,0,0,0,-1,0
0,0,0,0,-1,0
0,0,0,0,-1,0
0,0,0,0,-1,0
0,0,0,0,-1,0
0,0,0,0,-1,0
0,0,0,0,-1,0
0,0,0,0,-1,0
0,0,0,0,-1,0
0,0,0,0,-1,0
0,0,0,0,-1,0
0,0,0,0,-1,0
0,0,0,0,-1,0
0,0,0,0,-1,0
0,0,0,0,-1,0
0,0,0,0,-1,0
0,0,0,0,-1,0
0,0,0,0,-1,0
0,0,0,0,-1,0
0,0,0,0,-1,0
0,0,0,0,-1,0
0,0,0,0,-1,0
0,0,0,0,-1,0
0,0,0,0,-1,0
0,0,0,0,-1,0
0,0,0,0,-1,0
0,0,0,0,-1,0
0,0,0,0,0,-3
0,0,0,0,0,2
0,0,0,0,-1,0
0,0,0,0,-1,0
0,0,0,0,-1,0
0,0,0,0,-1,0
0,0,0,0,-1,0
0,0,0,0,-1,0
0,0,0,0,-1,0
0,0,0,0,-1,0
0,0,0,0,-1,0
0,0,0,0,-1,0
0,0,0,0,-1,0
0,0,0,0,-1,0
0,0,0,0,-1,0
0,0,0,0,-1,0
0,0,0,0,-1,0
0,0,0,0,-1,0
0,0,0,0,-1,0
0,0,0,0,-1,0
0,0,0,0,-1,0
0,0,0,0,-1,0
0,0,0,0,-1,0
0,0,0,0,-1,0
0,0,0,0,-1,0
0,0,0,0,-1,0
0,0,0,0,-1,0
0,0,0,0,-1,0
0,0,0,0,-1,0
0,0,0,0,-1,0
0,0,0,0,-1,0
0,0,0,0,-1,0
0,0,0,0,-1,0
0,0,0,0,-1,0
0,0,0,0,-1,0
0,0,0,0,-1,0
0,0,0,0,-1,0
0,0,0,0,-1,0
0,0,0,0,-1,0
0,0,0,0,-1,0
0,0,0,0,-1,0
0,0,0,0,-1,0
0,0,0,0,-1,0
0,0,0,0,-1,0
0,0,0,0,-1,0
0,0,0,0,-1,0
0,0,0,0,-1,0
0,0,0,0,-1,0
0,0,0,0,-1,0
0,0,0,0,-1,0
0,0,0,0,-1,0
0,0,0,0,-1,0
0,0,0,0,-1,0
0,0,0,0,-1,0
0,0,0,0,-1,0
0,0,0,0,-1,0
0,0,0,0,-1,0
0,0,0,0,-1,0
0,0,0,0,-1,0
0,0,0,0,-1,0
0,0,0,0,-1,0
0,0,0,0,-1,0
0,0,0,0,-1,0
0,0,0,0,-1,0
0,0,0,0,-1,0
0,0,0,0,-1,0
0,0,0,0,-1,0
0,0,0,0,-1,0
0,0,0,0,-1,0
0,0,0,0,-1,0
0,0,0,0,-1,0
0,0,0,0,-1,0
0,0,0,0,-1,0
0,0,0,0,-1,0
0,0,0,0,-1,0
0,0,0,0,-1,0
0,0,0,0,-1,0
0,0,0,0,-1,0
0,0,0,0,-1,0
0,0,0,0,-1,0
0,0,0,0,-1,0
0,0,0,0,-1,0
0,0,0,0,-1,0
0,0,0,0,-1,0
0,0,0,0,-1,0
0,0,0,0,-1,0
0,0,0,0,-1,0
0,0,0,0,-1,0
0,0,0,0,-1,0
0,0,0,0,-1,0
0,0,0,0,-1,0
0,0,0,0,-1,0
0,0,0,0,-1,0
0,0,0,0,-1,0
0,0,0,0,-1,0
0,0,0,0,-1,0
0,0,0,0,-1,0
0,0,0,0,-1,0
0,0,0,0,-1,0
0,0,0,0,-1,0
0,0,0,0,0,-3
0,0,0,0,0,2
0,0,0,0,-1,0
0,0,0,0,-1,0
0,0,0,0,-1,0
0,0,0,0,-1,0
0,0,0,0,-1,0
0,0,0,0,-1,0
0,0,0,0,-1,0
0,0,0,0,-1,0
0,0,0,0,-1,0
0,0,0,0,-1,0
0,0,0,0,-1,0
0,0,0,0,-1,0
0,0,0,0,-1,0
0,0,0,0,-1,0
0,0,0,0,-1,0
0,0,0,0,-1,0
0,0,0,0,-1,0
0,0,0,0,-1,0
0,0,0,0,-1,0
0,0,0,0,-1,0
0,0,0,0,-1,0
0,0,0,0,-1,0
0,0,0,0,-1,0
0,0,0,0,-1,0
0,0,0,0,-1,0
0,0,0,0,-1,0
0,0,0,0,-1,0
0,0,0,0,-1,0
0,0,0,0,-1,0
0,0,0,0,-1,0
0,0,0,0,-1,0
0,0,0,0,-1,0
0,0,0,0,-1,0
0,0,0,0,-1,0
0,0,0,0,-1,0
0,0,0,0,-1,0
0,0,0,0,-1,0
0,0,0,0,-1,0
0,0,0,0,-1,0
0,0,0,0,-1,0
0,0,0,0,-1,0
0,0,0,0,-1,0
0,0,0,0,-1,0
0,0,0,0,-1,0
0,0,0,0,-1,0
0,0,0,0,-1,0
0,0,0,0,-1,0
0,0,0,0,-1,0
0,0,0,0,-1,0
0,0,0,0,-1,0
0,0,0,0,-1,0
0,0,0,0,-1,0
0,0,0,0,-1,0
0,0,0,0,-1,0
0,0,0,0,-1,0
0,0,0,0,-1,0
0,0,0,0,-1,0
0,0,0,0,-1,0
0,0,0,0,-1,0
0,0,0,0,-1,0
0,0,0,0,-1,0
0,0,0,0,-1,0
0,0,0,0,-1,0
0,0,0,0,-1,0
0,0,0,0,-1,0
0,0,0,0,-1,0
0,0,0,0,-1,0
0,0,0,0,-1,0
0,0,0,0,-1,0
0,0,0,0,-1,0
0,0,0,0,-1,0
0,0,0,0,-1,0
0,0,0,0,-1,0
0,0,0,0,-1,0
0,0,0,0,-1,0
0,0,0,0,-1,0
0,0,0,0,-1,0
0,0,0,0,-1,0
0,0,0,0,-1,0
0,0,0,0,-1,0
0,0,0,0,-1,0
0,0,0,0,-1,0
0,0,0,0,-1,0
0,0,0,0,-1,0
0,0,0,0,-1,0
0,0,0,0,-1,0
0,0,0,0,-1,0
0,0,0,0,-1,0
0,0,0,0,-1,0
0,0,0,0,-1,0
0,0,0,0,-1,0
0,0,0,0,-1,0
0,0,0,0,-1,0
0,0,0,0,-1,0
0,0,0,0,-1,0
0,0,0,0,-1,0
0,0,0,0,-1,0
0,0,0,0,-1,0
0,0,0,0,0,-3
0,0,0,0,0,2
0,0,0,0,-1,0
0,0,0,0,-1,0
0,0,0,0,-1,0
0,0,0,0,-1,0
0,0,0,0,-1,0
0,0,0,0,-1,0
0,0,0,0,-1,0
0,0,0,0,-1,0
0,0,0,0,-1,0
0,0,0,0,-1,0
0,0,0,0,-1,0
0,0,0,0,-1,0
0,0,0,0,-1,0
0,0,0,0,-1,0
0,0,0,0,-1,0
0,0,0,0,-1,0
0,0,0,0,-1,0
0,0,0,0,-1,0
0,0,0,0,-1,0
0,0,0,0,-1,0
0,0,0,0,-1,0
0,0,0,0,-1,0
0,0,0,0,-1,0
0,0,0,0,-1,0
0,0,0,0,-1,0
0,0,0,0,-1,0
0,0,0,0,-1,0
0,0,0,0,-1,0
0,0,0,0,-1,0
0,0,0,0,-1,0
0,0,0,0,-1,0
0,0,0,0,-1,0
0,0,0,0,-1,0
0,0,0,0,-1,0
0,0,0,0,-1,0
0,0,0,0,-1,0
0,0,0,0,-1,0
0,0,0,0,-1,0
0,0,0,0,-1,0
0,0,0,0,-1,0
0,0,0,0,-1,0
0,0,0,0,-1,0
0,0,0,0,-1,0
0,0,0,0,-1,0
0,0,0,0,-1,0
0,0,0,0,-1,0
0,0,0,0,-1,0
0,0,0,0,-1,0
0,0,0,0,-1,0
0,0,0,0,-1,0
0,0,0,0,-1,0
0,0,0,0,-1,0
0,0,0,0,-1,0
0,0,0,0,-1,0
0,0,0,0,-1,0
0,0,0,0,-1,0
0,0,0,0,-1,0
0,0,0,0,-1,0
0,0,0,0,-1,0
0,0,0,0,-1,0
0,0,0,0,-1,0
0,0,0,0,-1,0
0,0,0,0,-1,0
0,0,0,0,-1,0
0,0,0,0,-1,0
0,0,0,0,-1,0
0,0,0,0,-1,0
0,0,0,0,-1,0
0,0,0,0,-1,0
0,0,0,0,-1,0
0,0,0,0,-1,0
0,0,0,0,-1,0
0,0,0,0,-1,0
0,0,0,0,-1,0
0,0,0,0,-1,0
0,0,0,0,-1,0
0,0,0,0,-1,0
0,0,0,0,-1,0
0,0,0,0,-1,0
0,0,0,0,-1,0
0,0,0,0,-1,0
0,0,0,0,-1,0
0,0,0,0,-1,0
0,0,0,0,-1,0
0,0,0,0,-1,0
0,0,0,0,-1,0
0,0,0,0,-1,0
0,0,0,0,-1,0
0,0,0,0,-1,0
0,0,0,0,-1,0
0,0,0,0,-1,0
0,0,0,0,-1,0
0,0,0,0,-1,0
0,0,0,0,-1,0
0,0,0,0,-1,0
0,0,0,0,-1,0
0,0,0,0,-1,0
0,0,0,0,-1,0
0,0,0,0,0,-3
0,0,0,0,0,2
0,0,0,0,-1,0
0,0,0,0,-1,0
0,0,0,0,-1,0
0,0,0,0,-1,0
0,0,0,0,-1,0
0,0,0,0,-1,0
0,0,0,0,-1,0
0,0,0,0,-1,0
0,0,0,0,-1,0
0,0,0,0,-1,0
0,0,0,0,-1,0
0,0,0,0,-1,0
0,0,0,0,-1,0
0,0,0,0,-1,0
0,0,0,0,-1,0
0,0,0,0,-1,0
0,0,0,0,-1,0
0,0,0,0,-1,0
0,0,0,0,-1,0
0,0,0,0,-1,0
0,0,0,0,-1,0
0,0,0,0,-1,0
0,0,0,0,-1,0
0,0,0,0,-1,0
0,0,0,0,-1,0
0,0,0,0,-1,0
0,0,0,0,-1,0
0,0,0,0,-1,0
0,0,0,0,-1,0
0,0,0,0,-1,0
0,0,0,0,-1,0
0,0,0,0,-1,0
0,0,0,0,-1,0
0,0,0,0,-1,0
0,0,0,0,-1,0
0,0,0,0,-1,0
0,0,0,0,-1,0
0,0,0,0,-1,0
0,0,0,0,-1,0
0,0,0,0,-1,0
0,0,0,0,-1,0
0,0,0,0,-1,0
0,0,0,0,-1,0
0,0,0,0,-1,0
0,0,0,0,-1,0
0,0,0,0,-1,0
0,0,0,0,-1,0
0,0,0,0,-1,0
0,0,0,0,-1,0
0,0,0,0,-1,0
0,0,0,0,-1,0
0,0,0,0,-1,0
0,0,0,0,-1,0
0,0,0,0,-1,0
0,0,0,0,-1,0
0,0,0,0,-1,0
0,0,0,0,-1,0
0,0,0,0,-1,0
0,0,0,0,-1,0
0,0,0,0,-1,0
0,0,0,0,-1,0
0,0,0,0,-1,0
0,0,0,0,-1,0
0,0,0,0,-1,0
0,0,0,0,-1,0
0,0,0,0,-1,0
0,0,0,0,-1,0
0,0,0,0,-1,0
0,0,0,0,-1,0
0,0,0,0,-1,0
0,0,0,0,-1,0
0,0,0,0,-1,0
0,0,0,0,-1,0
0,0,0,0,-1,0
0,0,0,0,-1,0
0,0,0,0,-1,0
0,0,0,0,-1,0
0,0,0,0,-1,0
0,0,0,0,-1,0
0,0,0,0,-1,0
0,0,0,0,-1,0
0,0,0,0,-1,0
0,0,0,0,-1,0
0,0,0,0,-1,0
0,0,0,0,-1,0
0,0,0,0,-1,0
0,0,0,0,-1,0
0,0,0,0,-1,0
0,0,0,0,-1,0
0,0,0,0,-1,0
0,0,0,0,-1,0
0,0,0,0,-1,0
0,0,0,0,-1,0
0,0,0,0,-1,0
0,0,0,0,-1,0
0,0,0,0,-1,0
0,0,0,0,-1,0
0,0,0,0,-1,0
0,0,0,0,0,-3
0,6,0,0,0,2
0,12,0,0,-1,0
0,25,0,0,-1,0
0,50,0,0,-1,0
0,100,0,0,-1,0
0,150,0,0,-1,0
0,200,0,0,-1,0
0,250,0,0,-1,0
0,300,0,0,-1,0
0,350,0,0,-1,0
0,400,0,0,-1,0
0,450,0,0,-1,0
0,500,0,0,-1,0
0,550,0,0,-1,0
0,600,0,0,-1,0
0,650,0,0,-1,0
0,700,0,0,-1,0
0,750,0,0,-1,0
0,800,0,0,-1,0
0,850,0,0,-1,0
0,900,0,0,-1,0
0,950,0,0,-1,0
0,1000,0,0,-1,0
0,1100,0,0,-1,0
0,1200,0,0,-1,0
0,1300,0,0,-1,0
0,1400,0,0,-1,0
0,1500,0,0,-1,0
0,1600,0,0,-1,0
0,1700,0,0,-1,0
0,1800,0,0,-1,0
0,1900,0,0,-1,0
0,2000,0,0,-1,0
0,200,0,0,-1,0
0,20,0,0,-1,0
0,2,0,0,-1,0
0,0,0,0,-1,0
0,0,0,0,-1,0
0,0,0,0,-1,0
0,0,0,0,-1,0
0,0,0,0,-1,0
0,0,0,0,-1,0
0,0,0,0,-1,0
0,0,0,0,-1,0
0,0,0,0,-1,0
0,0,0,0,-1,0
0,0,0,0,-1,0
0,0,0,0,-1,0
0,0,0,0,-1,0
0,0,0,0,-1,0
0,0,0,0,-1,0
0,0,0,0,-1,0
0,0,0,0,-1,0
0,0,0,0,-1,0
0,0,0,0,-1,0
0,0,0,0,-1,0
0,0,0,0,-1,0
0,0,0,0,-1,0
0,0,0,0,-1,0
0,0,0,0,-1,0
0,0,0,0,-1,0
0,0,0,0,-1,0
0,0,0,0,-1,0
0,0,0,0,-1,0
0,0,0,0,-1,0
0,0,0,0,-1,0
0,0,0,0,-1,0
0,0,0,0,-1,0
0,0,0,0,-1,0
0,0,0,0,-1,0
0,0,0,0,-1,0
0,0,0,0,-1,0
0,0,0,0,-1,0
0,0,0,0,-1,0
0,0,0,0,-1,0
0,0,0,0,-1,0
0,0,0,0,-1,0
0,0,0,0,-1,0
0,0,0,0,-1,0
0,0,0,0,-1,0
0,0,0,0,-1,0
0,0,0,0,-1,0
0,0,0,0,-1,0
0,0,0,0,-1,0
0,0,0,0,-1,0
0,0,0,0,-1,0
0,0,0,0,-1,0
0,0,0,0,-1,0
0,0,0,0,-1,0
0,0,0,0,-1,0
0,0,0,0,-1,0
0,0,0,0,-1,0
0,0,0,0,-1,0
0,0,0,0,-1,0
0,0,0,0,-1,0
0,0,0,0,-1,0
0,0,0,0,-1,0
0,0,0,0,-1,0
0,0,0,0,-1,0
0,0,0,0,0,-3
0,0,0,0,0,2
0,0,0,0,-1,0
0,0,0,0,-1,0
0,0,0,0,-1,0
0,0,0,0,-1,0
0,0,0,0,-1,0
0,0,0,0,-1,0
0,0,0,0,-1,0
0,0,0,0,-1,0
0,0,0,0,-1,0
0,0,0,0,-1,0
0,0,0,0,-1,0
0,0,0,0,-1,0
0,0,0,0,-1,0
0,0,0,0,-1,0
0,0,0,0,-1,0
0,0,0,0,-1,0
0,0,0,0,-1,0
0,0,0,0,-1,0
0,0,0,0,-1,0
0,0,0,0,-1,0
0,0,0,0,-1,0
0,0,0,0,-1,0
0,0,0,0,-1,0
0,0,0,0,-1,0
0,0,0,0,-1,0
0,0,0,0,-1,0
0,0,0,0,-1,0
0,0,0,0,-1,0
0,0,0,0,-1,0
0,0,0,0,-1,0
0,0,0,0,-1,0
0,0,0,0,-1,0
0,0,0,0,-1,0
0,0,0,0,-1,0
0,0,0,0,-1,0
0,0,0,0,-1,0
0,0,0,0,-1,0
0,0,0,0,-1,0
0,0,0,0,-1,0
0,0,0,0,-1,0
0,0,0,0,-1,0
0,0,0,0,-1,0
0,0,0,0,-1,0
0,0,0,0,-1,0
0,0,0,0,-1,0
0,0,0,0,-1,0
0,0,0,0,-1,0
0,0,0,0,-1,0
0,0,0,0,-1,0
0,0,0,0,-1,0
0,0,0,0,-1,0
0,0,0,0,-1,0
0,0,0,0,-1,0
0,0,0,0,-1,0
0,0,0,0,-1,0
0,0,0,0,-1,0
0,0,0,0,-1,0
0,0,0,0,-1,0
0,0,0,0,-1,0
0,0,0,0,-1,0
0,0,0,0,-1,0
0,0,0,0,-1,0
0,0,0,0,-1,0
0,0,0,0,-1,0
0,0,0,0,-1,0
0,0,0,0,-1,0
0,0,0,0,-1,0
0,0,0,0,-1,0
0,0,0,0,-1,0
0,0,0,0,-1,0
0,0,0,0,-1,0
0,0,0,0,-1,0
0,0,0,0,-1,0
0,0,0,0,-1,0
0,0,0,0,-1,0
0,0,0,0,-1,0
0,0,0,0,-1,0
0,0,0,0,-1,0
0,0,0,0,-1,0
0,0,0,0,-1,0
0,0,0,0,-1,0
0,0,0,0,-1,0
0,0,0,0,-1,0
0,0,0,0,-1,0
0,0,0,0,-1,0
0,0,0,0,-1,0
0,0,0,0,-1,0
0,0,0,0,-1,0
0,0,0,0,-1,0
0,0,0,0,-1,0
0,0,0,0,-1,0
0,0,0,0,-1,0
0,0,0,0,-1,0
0,0,0,0,-1,0
0,0,0,0,-1,0
0,0,0,0,-1,0
0,0,0,0,-1,0
0,0,0,0,-1,0
0,0,0,0,0,-3
0,0,0,0,0,2
0,0,0,0,-1,0
0,0,0,0,-1,0
0,0,0,0,-1,0
0,0,0,0,-1,0
0,0,0,0,-1,0
0,0,0,0,-1,0
0,0,0,0,-1,0
0,0,0,0,-1,0
0,0,0,0,-1,0
0,0,0,0,-1,0
0,0,0,0,-1,0
0,0,0,0,-1,0
0,0,0,0,-1,0
0,0,0,0,-1,0
0,0,0,0,-1,0
0,0,0,0,-1,0
0,0,0,0,-1,0
0,0,0,0,-1,0
0,0,0,0,-1,0
0,0,0,0,-1,0
0,0,0,0,-1,0
0,0,0,0,-1,0
0,0,0,0,-1,0
0,0,0,0,-1,0
0,0,0,0,-1,0
0,0,0,0,-1,0
0,0,0,0,-1,0
0,0,0,0,-1,0
0,0,0,0,-1,0
0,0,0,0,-1,0
0,0,0,0,-1,0
0,0,0,0,-1,0
0,0,0,0,-1,0
0,0,0,0,-1,0
0,0,0,0,-1,0
0,0,0,0,-1,0
0,0,0,0,-1,0
0,0,0,0,-1,0
0,0,0,0,-1,0
0,0,0,0,-1,0
0,0,0,0,-1,0
0,0,0,0,-1,0
0,0,0,0,-1,0
0,0,0,0,-1,0
0,0,0,0,-1,0
0,0,0,0,-1,0
0,0,0,0,-1,0
0,0,0,0,-1,0
0,0,0,0,-1,0
0,0,0,0,-1,0
0,0,0,0,-1,0
0,0,0,0,-1,0
0,0,0,0,-1,0
0,0,0,0,-1,0
0,0,0,0,-1,0
0,0,0,0,-1,0
0,0,0,0,-1,0
0,0,0,0,-1,0
0,0,0,0,-1,0
0,0,0,0,-1,0
0,0,0,0,-1,0
0,0,0,0,-1,0
0,0,0,0,-1,0
0,0,0,0,-1,0
0,0,0,0,-1,0
0,0,0,0,-1,0
0,0,0,0,-1,0
0,0,0,0,-1,0
0,0,0,0,-1,0
0,0,0,0,-1,0
0,0,0,0,-1,0
0,0,0,0,-1,0
0,0,0,0,-1,0
0,0,0,0,-1,0
0,0,0,0,-1,0
0,0,0,0,-1,0
0,0,0,0,-1,0
0,0,0,0,-1,0
0,0,0,0,-1,0
0,0,0,0,-1,0
0,0,0,0,-1,0
0,0,0,0,-1,0
0,0,0,0,-1,0
0,0,0,0,-1,0
0,0,0,0,-1,0
0,0,0,0,-1,0
0,0,0,0,-1,0
0,0,0,0,-1,0
0,0,0,0,-1,0
0,0,0,0,-1,0
0,0,0,0,-1,0
0,0,0,0,-1,0
0,0,0,0,-1,0
0,0,0,0,-1,0
0,0,0,0,-1,0
0,0,0,0,-1,0
0,0,0,0,-1,0
0,0,0,0,-1,0
0,0,0,0,0,-3
0,0,0,0,0,2
0,0,0,0,-1,0
0,0,0,0,-1,0
0,0,0,0,-1,0
0,0,0,0,-1,0
0,0,0,0,-1,0
0,0,0,0,-1,0
0,0,0,0,-1,0
0,0,0,0,-1,0
0,0,0,0,-1,0
0,0,0,0,-1,0
0,0,0,0,-1,0
0,0,0,0,-1,0
0,0,0,0,-1,0
0,0,0,0,-1,0
0,0,0,0,-1,0
0,0,0,0,-1,0
0,0,0,0,-1,0
0,0,0,0,-1,0
0,0,0,0,-1,0
0,0,0,0,-1,0
0,0,0,0,-1,0
0,0,0,0,-1,0
0,0,0,0,-1,0
0,0,0,0,-1,0
0,0,0,0,-1,0
0,0,0,0,-1,0
0,0,0,0,-1,0
0,0,0,0,-1,0
0,0,0,0,-1,0
0,0,0,0,-1,0
0,0,0,0,-1,0
0,0,0,0,-1,0
0,0,0,0,-1,0
0,0,0,0,-1,0
0,0,0,0,-1,0
0,0,0,0,-1,0
0,0,0,0,-1,0
0,0,0,0,-1,0
0,0,0,0,-1,0
0,0,0,0,-1,0
0,0,0,0,-1,0
0,0,0,0,-1,0
0,0,0,0,-1,0
0,0,0,0,-1,0
0,0,0,0,-1,0
0,0,0,0,-1,0
0,0,0,0,-1,0
0,0,0,0,-1,0
0,0,0,0,-1,0
0,0,0,0,-1,0
0,0,0,0,-1,0
0,0,0,0,-1,0
0,0,0,0,-1,0
0,0,0,0,-1,0
0,0,0,0,-1,0
0,0,0,0,-1,0
0,0,0,0,-1,0
0,0,0,0,-1,0
0,0,0,0,-1,0
0,0,0,0,-1,0
0,0,0,0,-1,0
0,0,0,0,-1,0
0,0,0,0,-1,0
0,0,0,0,-1,0
0,0,0,0,-1,0
0,0,0,0,-1,0
0,0,0,0,-1,0
0,0,0,0,-1,0
0,0,0,0,-1,0
0,0,0,0,-1,0
0,0,0,0,-1,0
0,0,0,0,-1,0
0,0,0,0,-1,0
0,0,0,0,-1,0
0,0,0,0,-1,0
0,0,0,0,-1,0
0,0,0,0,-1,0
0,0,0,0,-1,0
0,0,0,0,-1,0
0,0,0,0,-1,0
0,0,0,0,-1,0
0,0,0,0,-1,0
0,0,0,0,-1,0
0,0,0,0,-1,0
0,0,0,0,-1,0
0,0,0,0,-1,0
0,0,0,0,-1,0
0,0,0,0,-1,0
0,0,0,0,-1,0
0,0,0,0,-1,0
0,0,0,0,-1,0
0,0,0,0,-1,0
0,0,0,0,-1,0
0,0,0,0,-1,0
0,0,0,0,-1,0
0,0,0,0,-1,0
0,0,0,0,-1,0
0,0,0,0,-1,0
0,0,0,0,0,-3
0,0,0,0,0,2
0,0,0,0,-1,0
0,0,0,0,-1,0
0,0,0,0,-1,0
0,0,0,0,-1,0
0,0,0,0,-1,0
0,0,0,0,-1,0
0,0,0,0,-1,0
0,0,0,0,-1,0
0,0,0,0,-1,0
0,0,0,0,-1,0
0,0,0,0,-1,0
0,0,0,0,-1,0
0,0,0,0,-1,0
0,0,0,0,-1,0
0,0,0,0,-1,0
0,0,0,0,-1,0
0,0,0,0,-1,0
0,0,0,0,-1,0
0,0,0,0,-1,0
0,0,0,0,-1,0
0,0,0,0,-1,0
0,0,0,0,-1,0
0,0,0,0,-1,0
0,0,0,0,-1,0
0,0,0,0,-1,0
0,0,0,0,-1,0
0,0,0,0,-1,0
0,0,0,0,-1,0
0,0,0,0,-1,0
0,0,0,0,-1,0
0,0,0,0,-1,0
0,0,0,0,-1,0
0,0,0,0,-1,0
0,0,0,0,-1,0
0,0,0,0,-1,0
0,0,0,0,-1,0
0,0,0,0,-1,0
0,0,0,0,-1,0
0,0,0,0,-1,0
0,0,0,0,-1,0
0,0,0,0,-1,0
0,0,0,0,-1,0
0,0,0,0,-1,0
0,0,0,0,-1,0
0,0,0,0,-1,0
0,0,0,0,-1,0
0,0,0,0,-1,0
0,0,0,0,-1,0
0,0,0,0,-1,0
0,0,0,0,-1,0
0,0,0,0,-1,0
0,0,0,0,-1,0
0,0,0,0,-1,0
0,0,0,0,-1,0
0,0,0,0,-1,0
0,0,0,0,-1,0
0,0,0,0,-1,0
0,0,0,0,-1,0
0,0,0,0,-1,0
0,0,0,0,-1,0
0,0,0,0,-1,0
0,0,0,0,-1,0
0,0,0,0,-1,0
0,0,0,0,-1,0
0,0,0,0,-1,0
0,0,0,0,-1,0
0,0,0,0,-1,0
0,0,0,0,-1,0
0,0,0,0,-1,0
0,0,0,0,-1,0
0,0,0,0,-1,0
0,0,0,0,-1,0
0,0,0,0,-1,0
0,0,0,0,-1,0
0,0,0,0,-1,0
0,0,0,0,-1,0
0,0,0,0,-1,0
0,0,0,0,-1,0
0,0,0,0,-1,0
0,0,0,0,-1,0
0,0,0,0,-1,0
0,0,0,0,-1,0
0,0,0,0,-1,0
0,0,0,0,-1,0
0,0,0,0,-1,0
0,0,0,0,-1,0
0,0,0,0,-1,0
0,0,0,0,-1,0
0,0,0,0,-1,0
0,0,0,0,-1,0
0,0,0,0,-1,0
0,0,0,0,-1,0
0,0,0,0,-1,0
0,0,0,0,-1,0
0,0,0,0,-1,0
0,0,0,0,-1,0
0,0,0,0,-1,0
0,0,0,0,-1,0
0,0,0,0,0,-3
0,6,0,0,0,2
0,12,0,0,-1,0
0,25,0,0,-1,0
0,50,0,0,-1,0
0,100,0,0,-1,0
0,150,0,0,-1,0
0,200,0,0,-1,0
0,250,0,0,-1,0
0,300,0,0,-1,0
0,350,0,0,-1,0
0,400,0,0,-1,0
0,450,0,0,-1,0
0,500,0,0,-1,0
0,550,0,0,-1,0
0,600,0,0,-1,0
0,650,0,0,-1,0
0,700,0,0,-1,0
0,750,0,0,-1,0
0,800,0,0,-1,0
0,850,0,0,-1,0
0,900,0,0,-1,0
0,950,0,0,-1,0
0,1000,0,0,-1,0
0,1100,0,0,-1,0
0,1200,0,0,-1,0
0,1300,0,0,-1,0
0,1400,0,0,-1,0
0,1500,0,0,-1,0
0,1600,0,0,-1,0
0,1700,0,0,-1,0
0,1800,0,0,-1,0
0,1900,0,0,-1,0
0,2000,0,0,-1,0
0,200,0,0,-1,0
0,20,0,0,-1,0
0,2,0,0,-1,0
0,0,0,0,-1,0
0,0,0,0,-1,0
0,0,0,0,-1,0
0,0,0,0,-1,0
0,0,0,0,-1,0
0,0,0,0,-1,0
0,0,0,0,-1,0
0,0,0,0,-1,0
0,0,0,0,-1,0
0,0,0,0,-1,0
0,0,0,0,-1,0
0,0,0,0,-1,0
0,0,0,0,-1,0
0,0,0,0,-1,0
0,0,0,0,-1,0
0,0,0,0,-1,0
0,0,0,0,-1,0
0,0,0,0,-1,0
0,0,0,0,-1,0
0,0,0,0,-1,0
0,0,0,0,-1,0
0,0,0,0,-1,0
0,0,0,0,-1,0
0,0,0,0,-1,0
0,0,0,0,-1,0
0,0,0,0,-1,0
0,0,0,0,-1,0
0,0,0,0,-1,0
0,0,0,0,-1,0
0,0,0,0,-1,0
0,0,0,0,-1,0
0,0,0,0,-1,0
0,0,0,0,-1,0
0,0,0,0,-1,0
0,0,0,0,-1,0
0,0,0,0,-1,0
0,0,0,0,-1,0
0,0,0,0,-1,0
0,0,0,0,-1,0
0,0,0,0,-1,0
0,0,0,0,-1,0
0,0,0,0,-1,0
0,0,0,0,-1,0
0,0,0,0,-1,0
0,0,0,0,-1,0
0,0,0,0,-1,0
0,0,0,0,-1,0
0,0,0,0,-1,0
0,0,0,0,-1,0
0,0,0,0,-1,0
0,0,0,0,-1,0
0,0,0,0,-1,0
0,0,0,0,-1,0
0,0,0,0,-1,0
0,0,0,0,-1,0
0,0,0,0,-1,0
0,0,0,0,-1,0
0,0,0,0,-1,0
0,0,0,0,-1,0
0,0,0,0,-1,0
0,0,0,0,-1,0
0,0,0,0,-1,0
0,0,0,0,-1,0
0,0,0,0,0,-3
0,0,0,0,0,2
0,0,0,0,-1,0
0,0,0,0,-1,0
0,0,0,0,-1,0
0,0,0,0,-1,0
0,0,0,0,-1,0
0,0,0,0,-1,0
0,0,0,0,-1,0
0,0,0,0,-1,0
0,0,0,0,-1,0
0,0,0,0,-1,0
0,0,0,0,-1,0
0,0,0,0,-1,0
0,0,0,0,-1,0
0,0,0,0,-1,0
0,0,0,0,-1,0
0,0,0,0,-1,0
0,0,0,0,-1,0
0,0,0,0,-1,0
0,0,0,0,-1,0
0,0,0,0,-1,0
0,0,0,0,-1,0
0,0,0,0,-1,0
0,0,0,0,-1,0
0,0,0,0,-1,0
0,0,0,0,-1,0
0,0,0,0,-1,0
0,0,0,0,-1,0
0,0,0,0,-1,0
0,0,0,0,-1,0
0,0,0,0,-1,0
0,0,0,0,-1,0
0,0,0,0,-1,0
0,0,0,0,-1,0
0,0,0,0,-1,0
0,0,0,0,-1,0
0,0,0,0,-1,0
0,0,0,0,-1,0
0,0,0,0,-1,0
0,0,0,0,-1,0
0,0,0,0,-1,0
0,0,0,0,-1,0
0,0,0,0,-1,0
0,0,0,0,-1,0
0,0,0,0,-1,0
0,0,0,0,-1,0
0,0,0,0,-1,0
0,0,0,0,-1,0
0,0,0,0,-1,0
0,0,0,0,-1,0
0,0,0,0,-1,0
0,0,0,0,-1,0
0,0,0,0,-1,0
0,0,0,0,-1,0
0,0,0,0,-1,0
0,0,0,0,-1,0
0,0,0,0,-1,0
0,0,0,0,-1,0
0,0,0,0,-1,0
0,0,0,0,-1,0
0,0,0,0,-1,0
0,0,0,0,-1,0
0,0,0,0,-1,0
0,0,0,0,-1,0
0,0,0,0,-1,0
0,0,0,0,-1,0
0,0,0,0,-1,0
0,0,0,0,-1,0
0,0,0,0,-1,0
0,0,0,0,-1,0
0,0,0,0,-1,0
0,0,0,0,-1,0
0,0,0,0,-1,0
0,0,0,0,-1,0
0,0,0,0,-1,0
0,0,0,0,-1,0
0,0,0,0,-1,0
0,0,0,0,-1,0
0,0,0,0,-1,0
0,0,0,0,-1,0
0,0,0,0,-1,0
0,0,0,0,-1,0
0,0,0,0,-1,0
0,0,0,0,-1,0
0,0,0,0,-1,0
0,0,0,0,-1,0
0,0,0,0,-1,0
0,0,0,0,-1,0
0,0,0,0,-1,0
0,0,0,0,-1,0
0,0,0,0,-1,0
0,0,0,0,-1,0
0,0,0,0,-1,0
0,0,0,0,-1,0
0,0,0,0,-1,0
0,0,0,0,-1,0
0,0,0,0,-1,0
0,0,0,0,-1,0
0,0,0,0,-1,0
0,0,0,0,0,-3
0,0,0,0,0,2
0,0,0,0,-1,0
0,0,0,0,-1,0
0,0,0,0,-1,0
0,0,0,0,-1,0
0,0,0,0,-1,0
0,0,0,0,-1,0
0,0,0,0,-1,0
0,0,0,0,-1,0
0,0,0,0,-1,0
0,0,0,0,-1,0
0,0,0,0,-1,0
0,0,0,0,-1,0
0,0,0,0,-1,0
0,0,0,0,-1,0
0,0,0,0,-1,0
0,0,0,0,-1,0
0,0,0,0,-1,0
0,0,0,0,-1,0
0,0,0,0,-1,0
0,0,0,0,-1,0
0,0,0,0,-1,0
0,0,0,0,-1,0
0,0,0,0,-1,0
0,0,0,0,-1,0
0,0,0,0,-1,0
0,0,0,0,-1,0
0,0,0,0,-1,0
0,0,0,0,-1,0
0,0,0,0,-1,0
0,0,0,0,-1,0
0,0,0,0,-1,0
0,0,0,0,-1,0
0,0,0,0,-1,0
0,0,0,0,-1,0
0,0,0,0,-1,0
0,0,0,0,-1,0
0,0,0,0,-1,0
0,0,0,0,-1,0
0,0,0,0,-1,0
0,0,0,0,-1,0
0,0,0,0,-1,0
0,0,0,0,-1,0
0,0,0,0,-1,0
0,0,0,0,-1,0
0,0,0,0,-1,0
0,0,0,0,-1,0
0,0,0,0,-1,0
0,0,0,0,-1,0
0,0,0,0,-1,0
0,0,0,0,-1,0
0,0,0,0,-1,0
0,0,0,0,-1,0
0,0,0,0,-1,0
0,0,0,0,-1,0
0,0,0,0,-1,0
0,0,0,0,-1,0
0,0,0,0,-1,0
0,0,0,0,-1,0
0,0,0,0,-1,0
0,0,0,0,-1,0
0,0,0,0,-1,0
0,0,0,0,-1,0
0,0,0,0,-1,0
0,0,0,0,-1,0
0,0,0,0,-1,0
0,0,0,0,-1,0
0,0,0,0,-1,0
0,0,0,0,-1,0
0,0,0,0,-1,0
0,0,0,0,-1,0
0,0,0,0,-1,0
0,0,0,0,-1,0
0,0,0,0,-1,0
0,0,0,0,-1,0
0,0,0,0,-1,0
0,0,0,0,-1,0
0,0,0,0,-1,0
0,0,0,0,-1,0
0,0,0,0,-1,0
0,0,0,0,-1,0
0,0,0,0,-1,0
0,0,0,0,-1,0
0,0,0,0,-1,0
0,0,0,0,-1,0
0,0,0,0,-1,0
0,0,0,0,-1,0
0,0,0,0,-1,0
0,0,0,0,-1,0
0,0,0,0,-1,0
0,0,0,0,-1,0
0,0,0,0,-1,0
0,0,0,0,-1,0
0,0,0,0,-1,0
0,0,0,0,-1,0
0,0,0,0,-1,0
0,0,0,0,-1,0
0,0,0,0,-1,0
0,0,0,0,-1,0
0,0,0,0,0,-3
0,0,0,0,0,2
0,0,0,0,-1,0
0,0,0,0,-1,0
0,0,0,0,-1,0
0,0,0,0,-1,0
0,0,0,0,-1,0
0,0,0,0,-1,0
0,0,0,0,-1,0
0,0,0,0,-1,0
0,0,0,0,-1,0
0,0,0,0,-1,0
0,0,0,0,-1,0
0,0,0,0,-1,0
0,0,0,0,-1,0
0,0,0,0,-1,0
0,0,0,0,-1,0
0,0,0,0,-1,0
0,0,0,0,-1,0
0,0,0,0,-1,0
0,0,0,0,-1,0
0,0,0,0,-1,0
0,0,0,0,-1,0
0,0,0,0,-1,0
0,0,0,0,-1,0
0,0,0,0,-1,0
0,0,0,0,-1,0
0,0,0,0,-1,0
0,0,0,0,-1,0
0,0,0,0,-1,0
0,0,0,0,-1,0
0,0,0,0,-1,0
0,0,0,0,-1,0
0,0,0,0,-1,0
0,0,0,0,-1,0
0,0,0,0,-1,0
0,0,0,0,-1,0
0,0,0,0,-1,0
0,0,0,0,-1,0
0,0,0,0,-1,0
0,0,0,0,-1,0
0,0,0,0,-1,0
0,0,0,0,-1,0
0,0,0,0,-1,0
0,0,0,0,-1,0
0,0,0,0,-1,0
0,0,0,0,-1,0
0,0,0,0,-1,0
0,0,0,0,-1,0
0,0,0,0,-1,0
0,0,0,0,-1,0
0,0,0,0,-1,0
0,0,0,0,-1,0
0,0,0,0,-1,0
0,0,0,0,-1,0
0,0,0,0,-1,0
0,0,0,0,-1,0
0,0,0,0,-1,0
0,0,0,0,-1,0
0,0,0,0,-1,0
0,0,0,0,-1,0
0,0,0,0,-1,0
0,0,0,0,-1,0
0,0,0,0,-1,0
0,0,0,0,-1,0
0,0,0,0,-1,0
0,0,0,0,-1,0
0,0,0,0,-1,0
0,0,0,0,-1,0
0,0,0,0,-1,0
0,0,0,0,-1,0
0,0,0,0,-1,0
0,0,0,0,-1,0
0,0,0,0,-1,0
0,0,0,0,-1,0
0,0,0,0,-1,0
0,0,0,0,-1,0
0,0,0,0,-1,0
0,0,0,0,-1,0
0,0,0,0,-1,0
0,0,0,0,-1,0
0,0,0,0,-1,0
0,0,0,0,-1,0
0,0,0,0,-1,0
0,0,0,0,-1,0
0,0,0,0,-1,0
0,0,0,0,-1,0
0,0,0,0,-1,0
0,0,0,0,-1,0
0,0,0,0,-1,0
0,0,0,0,-1,0
0,0,0,0,-1,0
0,0,0,0,-1,0
0,0,0,0,-1,0
0,0,0,0,-1,0
0,0,0,0,-1,0
0,0,0,0,-1,0
0,0,0,0,-1,0
0,0,0,0,-1,0
0,0,0,0,-1,0
0,0,0,0,0,-3
0,0,0,0,0,2
0,0,0,0,-1,0
0,0,0,0,-1,0
0,0,0,0,-1,0
0,0,0,0,-1,0
0,0,0,0,-1,0
0,0,0,0,-1,0
0,0,0,0,-1,0
0,0,0,0,-1,0
0,0,0,0,-1,0
0,0,0,0,-1,0
0,0,0,0,-1,0
0,0,0,0,-1,0
0,0,0,0,-1,0
0,0,0,0,-1,0
0,0,0,0,-1,0
0,0,0,0,-1,0
0,0,0,0,-1,0
0,0,0,0,-1,0
0,0,0,0,-1,0
0,0,0,0,-1,0
0,0,0,0,-1,0
0,0,0,0,-1,0
0,0,0,0,-1,0
0,0,0,0,-1,0
0,0,0,0,-1,0
0,0,0,0,-1,0
0,0,0,0,-1,0
0,0,0,0,-1,0
0,0,0,0,-1,0
0,0,0,0,-1,0
0,0,0,0,-1,0
0,0,0,0,-1,0
0,0,0,0,-1,0
0,0,0,0,-1,0
0,0,0,0,-1,0
0,0,0,0,-1,0
0,0,0,0,-1,0
0,0,0,0,-1,0
0,0,0,0,-1,0
0,0,0,0,-1,0
0,0,0,0,-1,0
0,0,0,0,-1,0
0,0,0,0,-1,0
0,0,0,0,-1,0
0,0,0,0,-1,0
0,0,0,0,-1,0
0,0,0,0,-1,0
0,0,0,0,-1,0
0,0,0,0,-1,0
0,0,0,0,-1,0
0,0,0,0,-1,0
0,0,0,0,-1,0
0,0,0,0,-1,0
0,0,0,0,-1,0
0,0,0,0,-1,0
0,0,0,0,-1,0
0,0,0,0,-1,0
0,0,0,0,-1,0
0,0,0,0,-1,0
0,0,0,0,-1,0
0,0,0,0,-1,0
0,0,0,0,-1,0
0,0,0,0,-1,0
0,0,0,0,-1,0
0,0,0,0,-1,0
0,0,0,0,-1,0
0,0,0,0,-1,0
0,0,0,0,-1,0
0,0,0,0,-1,0
0,0,0,0,-1,0
0,0,0,0,-1,0
0,0,0,0,-1,0
0,0,0,0,-1,0
0,0,0,0,-1,0
0,0,0,0,-1,0
0,0,0,0,-1,0
0,0,0,0,-1,0
0,0,0,0,-1,0
0,0,0,0,-1,0
0,0,0,0,-1,0
0,0,0,0,-1,0
0,0,0,0,-1,0
0,0,0,0,-1,0
0,0,0,0,-1,0
0,0,0,0,-1,0
0,0,0,0,-1,0
0,0,0,0,-1,0
0,0,0,0,-1,0
0,0,0,0,-1,0
0,0,0,0,-1,0
0,0,0,0,-1,0
0,0,0,0,-1,0
0,0,0,0,-1,0
0,0,0,0,-1,0
0,0,0,0,-1,0
0,0,0,0,-1,0
0,0,0,0,-1,0
0,0,0,0,-1,0
0,0,0,0,0,-3
0,0,0,0,0,2
0,0,0,0,-1,0
0,0,0,0,-1,0
0,0,0,0,-1,0
0,0,0,0,-1,0
0,0,0,0,-1,0
0,0,0,0,-1,0
0,0,0,0,-1,0
0,0,0,0,-1,0
0,0,0,0,-1,0
0,0,0,0,-1,0
0,0,0,0,-1,0
0,0,0,0,-1,0
0,0,0,0,-1,0
0,0,0,0,-1,0
0,0,0,0,-1,0
0,0,0,0,-1,0
0,0,0,0,-1,0
0,0,0,0,-1,0
0,0,0,0,-1,0
0,0,0,0,-1,0
0,0,0,0,-1,0
0,0,0,0,-1,0
0,0,0,0,-1,0
0,0,0,0,-1,0
0,0,0,0,-1,0
0,0,0,0,-1,0
0,0,0,0,-1,0
0,0,0,0,-1,0
0,0,0,0,-1,0
0,0,0,0,-1,0
0,0,0,0,-1,0
0,0,0,0,-1,0
0,0,0,0,-1,0
0,0,0,0,-1,0
0,0,0,0,-1,0
0,0,0,0,-1,0
0,0,0,0,-1,0
0,0,0,0,-1,0
0,0,0,0,-1,0
0,0,0,0,-1,0
0,0,0,0,-1,0
0,0,0,0,-1,0
0,0,0,0,-1,0
0,0,0,0,-1,0
0,0,0,0,-1,0
0,0,0,0,-1,0
0,0,0,0,-1,0
0,0,0,0,-1,0
0,0,0,0,-1,0
0,0,0,0,-1,0
0,0,0,0,-1,0
0,0,0,0,-1,0
0,0,0,0,-1,0
0,0,0,0,-1,0
0,0,0,0,-1,0
0,0,0,0,-1,0
0,0,0,0,-1,0
0,0,0,0,-1,0
0,0,0,0,-1,0
0,0,0,0,-1,0
0,0,0,0,-1,0
0,0,0,0,-1,0
0,0,0,0,-1,0
0,0,0,0,-1,0
0,0,0,0,-1,0
0,0,0,0,-1,0
0,0,0,0,-1,0
0,0,0,0,-1,0
0,0,0,0,-1,0
0,0,0,0,-1,0
0,0,0,0,-1,0
0,0,0,0,-1,0
0,0,0,0,-1,0
0,0,0,0,-1,0
0,0,0,0,-1,0
0,0,0,0,-1,0
0,0,0,0,-1,0
0,0,0,0,-1,0
0,0,0,0,-1,0
0,0,0,0,-1,0
0,0,0,0,-1,0
0,0,0,0,-1,0
0,0,0,0,-1,0
0,0,0,0,-1,0
0,0,0,0,-1,0
0,0,0,0,-1,0
0,0,0,0,-1,0
0,0,0,0,-1,0
0,0,0,0,-1,0
0,0,0,0,-1,0
0,0,0,0,-1,0
0,0,0,0,-1,0
0,0,0,0,-1,0
0,0,0,0,-1,0
0,0,0,0,-1,0
0,0,0,0,-1,0
0,0,0,0,-1,0
0,0,0,0,-1,0
0,0,0,0,0,-3
0,0,0,0,0,2
0,0,0,0,-1,0
0,0,0,0,-1,0
0,0,0,0,-1,0
0,0,0,0,-1,0
0,0,0,0,-1,0
0,0,0,0,-1,0
0,0,0,0,-1,0
0,0,0,0,-1,0
0,0,0,0,-1,0
0,0,0,0,-1,0
0,0,0,0,-1,0
0,0,0,0,-1,0
0,0,0,0,-1,0
0,0,0,0,-1,0
0,0,0,0,-1,0
0,0,0,0,-1,0
0,0,0,0,-1,0
0,0,0,0,-1,0
0,0,0,0,-1,0
0,0,0,0,-1,0
0,0,0,0,-1,0
0,0,0,0,-1,0
0,0,0,0,-1,0
0,0,0,0,-1,0
0,0,0,0,-1,0
0,0,0,0,-1,0
0,0,0,0,-1,0
0,0,0,0,-1,0
0,0,0,0,-1,0
0,0,0,0,-1,0
0,0,0,0,-1,0
0,0,0,0,-1,0
0,0,0,0,-1,0
0,0,0,0,-1,0
0,0,0,0,-1,0
0,0,0,0,-1,0
0,0,0,0,-1,0
0,0,0,0,-1,0
0,0,0,0,-1,0
0,0,0,0,-1,0
0,0,0,0,-1,0
0,0,0,0,-1,0
0,0,0,0,-1,0
0,0,0,0,-1,0
0,0,0,0,-1,0
0,0,0,0,-1,0
0,0,0,0,-1,0
0,0,0,0,-1,0
0,0,0,0,-1,0
0,0,0,0,-1,0
0,0,0,0,-1,0
0,0,0,0,-1,0
0,0,0,0,-1,0
0,0,0,0,-1,0
0,0,0,0,-1,0
0,0,0,0,-1,0
0,0,0,0,-1,0
0,0,0,0,-1,0
0,0,0,0,-1,0
0,0,0,0,-1,0
0,0,0,0,-1,0
0,0,0,0,-1,0
0,0,0,0,-1,0
0,0,0,0,-1,0
0,0,0,0,-1,0
0,0,0,0,-1,0
0,0,0,0,-1,0
0,0,0,0,-1,0
0,0,0,0,-1,0
0,0,0,0,-1,0
0,0,0,0,-1,0
0,0,0,0,-1,0
0,0,0,0,-1,0
0,0,0,0,-1,0
0,0,0,0,-1,0
0,0,0,0,-1,0
0,0,0,0,-1,0
0,0,0,0,-1,0
0,0,0,0,-1,0
0,0,0,0,-1,0
0,0,0,0,-1,0
0,0,0,0,-1,0
0,0,0,0,-1,0
0,0,0,0,-1,0
0,0,0,0,-1,0
0,0,0,0,-1,0
0,0,0,0,-1,0
0,0,0,0,-1,0
0,0,0,0,-1,0
0,0,0,0,-1,0
0,0,0,0,-1,0
0,0,0,0,-1,0
0,0,0,0,-1,0
0,0,0,0,-1,0
0,0,0,0,-1,0
0,0,0,0,-1,0
0,0,0,0,-1,0
0,0,0,0,-1,0
0,0,0,0,0,-3
0,0,0,0,0,2
0,0,0,0,-1,0
0,0,0,0,-1,0
0,0,0,0,-1,0
0,0,0,0,-1,0
0,0,0,0,-1,0
0,0,0,0,-1,0
0,0,0,0,-1,0
0,0,0,0,-1,0
0,0,0,0,-1,0
0,0,0,0,-1,0
0,0,0,0,-1,0
0,0,0,0,-1,0
0,0,0,0,-1,0
0,0,0,0,-1,0
0,0,0,0,-1,0
0,0,0,0,-1,0
0,0,0,0,-1,0
0,0,0,0,-1,0
0,0,0,0,-1,0
0,0,0,0,-1,0
0,0,0,0,-1,0
0,0,0,0,-1,0
0,0,0,0,-1,0
0,0,0,0,-1,0
0,0,0,0,-1,0
0,0,0,0,-1,0
0,0,0,0,-1,0
0,0,0,0,-1,0
0,0,0,0,-1,0
0,0,0,0,-1,0
0,0,0,0,-1,0
0,0,0,0,-1,0
0,0,0,0,-1,0
0,0,0,0,-1,0
0,0,0,0,-1,0
0,0,0,0,-1,0
0,0,0,0,-1,0
0,0,0,0,-1,0
0,0,0,0,-1,0
0,0,0,0,-1,0
0,0,0,0,-1,0
0,0,0,0,-1,0
0,0,0,0,-1,0
0,0,0,0,-1,0
0,0,0,0,-1,0
0,0,0,0,-1,0
0,0,0,0,-1,0
0,0,0,0,-1,0
0,0,0,0,-1,0
0,0,0,0,-1,0
0,0,0,0,-1,0
0,0,0,0,-1,0
0,0,0,0,-1,0
0,0,0,0,-1,0
0,0,0,0,-1,0
0,0,0,0,-1,0
0,0,0,0,-1,0
0,0,0,0,-1,0
0,0,0,0,-1,0
0,0,0,0,-1,0
0,0,0,0,-1,0
0,0,0,0,-1,0
0,0,0,0,-1,0
0,0,0,0,-1,0
0,0,0,0,-1,0
0,0,0,0,-1,0
0,0,0,0,-1,0
0,0,0,0,-1,0
0,0,0,0,-1,0
0,0,0,0,-1,0
0,0,0,0,-1,0
0,0,0,0,-1,0
0,0,0,0,-1,0
0,0,0,0,-1,0
0,0,0,0,-1,0
0,0,0,0,-1,0
0,0,0,0,-1,0
0,0,0,0,-1,0
0,0,0,0,-1,0
0,0,0,0,-1,0
0,0,0,0,-1,0
0,0,0,0,-1,0
0,0,0,0,-1,0
0,0,0,0,-1,0
0,0,0,0,-1,0
0,0,0,0,-1,0
0,0,0,0,-1,0
0,0,0,0,-1,0
0,0,0,0,-1,0
0,0,0,0,-1,0
0,0,0,0,-1,0
0,0,0,0,-1,0
0,0,0,0,-1,0
0,0,0,0,-1,0
0,0,0,0,-1,0
0,0,0,0,-1,0
0,0,0,0,-1,0
0,0,0,0,-1,0
0,0,0,0,0,-3
0,0,0,0,0,2
0,0,0,0,-1,0
0,0,0,0,-1,0
0,0,0,0,-1,0
0,0,0,0,-1,0
0,0,0,0,-1,0
0,0,0,0,-1,0
0,0,0,0,-1,0
0,0,0,0,-1,0
0,0,0,0,-1,0
0,0,0,0,-1,0
0,0,0,0,-1,0
0,0,0,0,-1,0
0,0,0,0,-1,0
0,0,0,0,-1,0
0,0,0,0,-1,0
0,0,0,0,-1,0
0,0,0,0,-1,0
0,0,0,0,-1,0
0,0,0,0,-1,0
0,0,0,0,-1,0
0,0,0,0,-1,0
0,0,0,0,-1,0
0,0,0,0,-1,0
0,0,0,0,-1,0
0,0,0,0,-1,0
0,0,0,0,-1,0
0,0,0,0,-1,0
0,0,0,0,-1,0
0,0,0,0,-1,0
0,0,0,0,-1,0
0,0,0,0,-1,0
0,0,0,0,-1,0
0,0,0,0,-1,0
0,0,0,0,-1,0
0,0,0,0,-1,0
0,0,0,0,-1,0
0,0,0,0,-1,0
0,0,0,0,-1,0
0,0,0,0,-1,0
0,0,0,0,-1,0
0,0,0,0,-1,0
0,0,0,0,-1,0
0,0,0,0,-1,0
0,0,0,0,-1,0
0,0,0,0,-1,0
0,0,0,0,-1,0
0,0,0,0,-1,0
0,0,0,0,-1,0
0,0,0,0,-1,0
0,0,0,0,-1,0
0,0,0,0,-1,0
0,0,0,0,-1,0
0,0,0,0,-1,0
0,0,0,0,-1,0
0,0,0,0,-1,0
0,0,0,0,-1,0
0,0,0,0,-1,0
0,0,0,0,-1,0
0,0,0,0,-1,0
0,0,0,0,-1,0
0,0,0,0,-1,0
0,0,0,0,-1,0
0,0,0,0,-1,0
0,0,0,0,-1,0
0,0,0,0,-1,0
0,0,0,0,-1,0
0,0,0,0,-1,0
0,0,0,0,-1,0
0,0,0,0,-1,0
0,0,0,0,-1,0
0,0,0,0,-1,0
0,0,0,0,-1,0
0,0,0,0,-1,0
0,0,0,0,-1,0
0,0,0,0,-1,0
0,0,0,0,-1,0
0,0,0,0,-1,0
0,0,0,0,-1,0
0,0,0,0,-1,0
0,0,0,0,-1,0
0,0,0,0,-1,0
0,0,0,0,-1,0
0,0,0,0,-1,0
0,0,0,0,-1,0
0,0,0,0,-1,0
0,0,0,0,-1,0
0,0,0,0,-1,0
0,0,0,0,-1,0
0,0,0,0,-1,0
0,0,0,0,-1,0
0,0,0,0,-1,0
0,0,0,0,-1,0
0,0,0,0,-1,0
0,0,0,0,-1,0
0,0,0,0,-1,0
0,0,0,0,-1,0
0,0,0,0,-1,0
0,0,0,0,-1,0
0,0,0,0,0,-3
0,0,0,0,0,2
0,0,0,0,-1,0
0,0,0,0,-1,0
0,0,0,0,-1,0
0,0,0,0,-1,0
0,0,0,0,-1,0
0,0,0,0,-1,0
0,0,0,0,-1,0
0,0,0,0,-1,0
0,0,0,0,-1,0
0,0,0,0,-1,0
0,0,0,0,-1,0
0,0,0,0,-1,0
0,0,0,0,-1,0
0,0,0,0,-1,0
0,0,0,0,-1,0
0,0,0,0,-1,0
0,0,0,0,-1,0
0,0,0,0,-1,0
0,0,0,0,-1,0
0,0,0,0,-1,0
0,0,0,0,-1,0
0,0,0,0,-1,0
0,0,0,0,-1,0
0,0,0,0,-1,0
0,0,0,0,-1,0
0,0,0,0,-1,0
0,0,0,0,-1,0
0,0,0,0,-1,0
0,0,0,0,-1,0
0,0,0,0,-1,0
0,0,0,0,-1,0
0,0,0,0,-1,0
0,0,0,0,-1,0
0,0,0,0,-1,0
0,0,0,0,-1,0
0,0,0,0,-1,0
0,0,0,0,-1,0
0,0,0,0,-1,0
0,0,0,0,-1,0
0,0,0,0,-1,0
0,0,0,0,-1,0
0,0,0,0,-1,0
0,0,0,0,-1,0
0,0,0,0,-1,0
0,0,0,0,-1,0
0,0,0,0,-1,0
0,0,0,0,-1,0
0,0,0,0,-1,0
0,0,0,0,-1,0
0,0,0,0,-1,0
0,0,0,0,-1,0
0,0,0,0,-1,0
0,0,0,0,-1,0
0,0,0,0,-1,0
0,0,0,0,-1,0
0,0,0,0,-1,0
0,0,0,0,-1,0
0,0,0,0,-1,0
0,0,0,0,-1,0
0,0,0,0,-1,0
0,0,0,0,-1,0
0,0,0,0,-1,0
0,0,0,0,-1,0
0,0,0,0,-1,0
0,0,0,0,-1,0
0,0,0,0,-1,0
0,0,0,0,-1,0
0,0,0,0,-1,0
0,0,0,0,-1,0
0,0,0,0,-1,0
0,0,0,0,-1,0
0,0,0,0,-1,0
0,0,0,0,-1,0
0,0,0,0,-1,0
0,0,0,0,-1,0
0,0,0,0,-1,0
0,0,0,0,-1,0
0,0,0,0,-1,0
0,0,0,0,-1,0
0,0,0,0,-1,0
0,0,0,0,-1,0
0,0,0,0,-1,0
0,0,0,0,-1,0
0,0,0,0,-1,0
0,0,0,0,-1,0
0,0,0,0,-1,0
0,0,0,0,-1,0
0,0,0,0,-1,0
0,0,0,0,-1,0
0,0,0,0,-1,0
0,0,0,0,-1,0
0,0,0,0,-1,0
0,0,0,0,-1,0
0,0,0,0,-1,0
0,0,0,0,-1,0
0,0,0,0,-1,0
0,0,0,0,-1,0
0,0,0,0,-1,0
0,0,0,0,0,-3
0,0,0,0,0,2
0,0,0,0,-1,0
0,0,0,0,-1,0
0,0,0,0,-1,0
0,0,0,0,-1,0
0,0,0,0,-1,0
0,0,0,0,-1,0
0,0,0,0,-1,0
0,0,0,0,-1,0
0,0,0,0,-1,0
0,0,0,0,-1,0
0,0,0,0,-1,0
0,0,0,0,-1,0
0,0,0,0,-1,0
0,0,0,0,-1,0
0,0,0,0,-1,0
0,0,0,0,-1,0
0,0,0,0,-1,0
0,0,0,0,-1,0
0,0,0,0,-1,0
0,0,0,0,-1,0
0,0,0,0,-1,0
0,0,0,0,-1,0
0,0,0,0,-1,0
0,0,0,0,-1,0
0,0,0,0,-1,0
0,0,0,0,-1,0
0,0,0,0,-1,0
0,0,0,0,-1,0
0,0,0,0,-1,0
0,0,0,0,-1,0
0,0,0,0,-1,0
0,0,0,0,-1,0
0,0,0,0,-1,0
0,0,0,0,-1,0
0,0,0,0,-1,0
0,0,0,0,-1,0
0,0,0,0,-1,0
0,0,0,0,-1,0
0,0,0,0,-1,0
0,0,0,0,-1,0
0,0,0,0,-1,0
0,0,0,0,-1,0
0,0,0,0,-1,0
0,0,0,0,-1,0
0,0,0,0,-1,0
0,0,0,0,-1,0
0,0,0,0,-1,0
0,0,0,0,-1,0
0,0,0,0,-1,0
0,0,0,0,-1,0
0,0,0,0,-1,0
0,0,0,0,-1,0
0,0,0,0,-1,0
0,0,0,0,-1,0
0,0,0,0,-1,0
0,0,0,0,-1,0
0,0,0,0,-1,0
0,0,0,0,-1,0
0,0,0,0,-1,0
0,0,0,0,-1,0
0,0,0,0,-1,0
0,0,0,0,-1,0
0,0,0,0,-1,0
0,0,0,0,-1,0
0,0,0,0,-1,0
0,0,0,0,-1,0
0,0,0,0,-1,0
0,0,0,0,-1,0
0,0,0,0,-1,0
0,0,0,0,-1,0
0,0,0,0,-1,0
0,0,0,0,-1,0
0,0,0,0,-1,0
0,0,0,0,-1,0
0,0,0,0,-1,0
0,0,0,0,-1,0
0,0,0,0,-1,0
0,0,0,0,-1,0
0,0,0,0,-1,0
0,0,0,0,-1,0
0,0,0,0,-1,0
0,0,0,0,-1,0
0,0,0,0,-1,0
0,0,0,0,-1,0
0,0,0,0,-1,0
0,0,0,0,-1,0
0,0,0,0,-1,0
0,0,0,0,-1,0
0,0,0,0,-1,0
0,0,0,0,-1,0
0,0,0,0,-1,0
0,0,0,0,-1,0
0,0,0,0,-1,0
0,0,0,0,-1,0
0,0,0,0,-1,0
0,0,0,0,-1,0
0,0,0,0,-1,0
0,0,0,0,-1,0
0,0,0,0,0,-3
0,0,0,0,0,2
0,0,0,0,-1,0
0,0,0,0,-1,0
0,0,0,0,-1,0
0,0,0,0,-1,0
0,0,0,0,-1,0
0,0,0,0,-1,0
0,0,0,0,-1,0
0,0,0,0,-1,0
0,0,0,0,-1,0
0,0,0,0,-1,0
0,0,0,0,-1,0
0,0,0,0,-1,0
0,0,0,0,-1,0
0,0,0,0,-1,0
0,0,0,0,-1,0
0,0,0,0,-1,0
0,0,0,0,-1,0
0,0,0,0,-1,0
0,0,0,0,-1,0
0,0,0,0,-1,0
0,0,0,0,-1,0
0,0,0,0,-1,0
0,0,0,0,-1,0
0,0,0,0,-1,0
0,0,0,0,-1,0
0,0,0,0,-1,0
0,0,0,0,-1,0
0,0,0,0,-1,0
0,0,0,0,-1,0
0,0,0,0,-1,0
0,0,0,0,-1,0
0,0,0,0,-1,0
0,0,0,0,-1,0
0,0,0,0,-1,0
0,0,0,0,-1,0
0,0,0,0,-1,0
0,0,0,0,-1,0
0,0,0,0,-1,0
0,0,0,0,-1,0
0,0,0,0,-1,0
0,0,0,0,-1,0
0,0,0,0,-1,0
0,0,0,0,-1,0
0,0,0,0,-1,0
0,0,0,0,-1,0
0,0,0,0,-1,0
0,0,0,0,-1,0
0,0,0,0,-1,0
0,0,0,0,-1,0
0,0,0,0,-1,0
0,0,0,0,-1,0
0,0,0,0,-1,0
0,0,0,0,-1,0
0,0,0,0,-1,0
0,0,0,0,-1,0
0,0,0,0,-1,0
0,0,0,0,-1,0
0,0,0,0,-1,0
0,0,0,0,-1,0
0,0,0,0,-1,0
0,0,0,0,-1,0
0,0,0,0,-1,0
0,0,0,0,-1,0
0,0,0,0,-1,0
0,0,0,0,-1,0
0,0,0,0,-1,0
0,0,0,0,-1,0
0,0,0,0,-1,0
0,0,0,0,-1,0
0,0,0,0,-1,0
0,0,0,0,-1,0
0,0,0,0,-1,0
0,0,0,0,-1,0
0,0,0,0,-1,0
0,0,0,0,-1,0
0,0,0,0,-1,0
0,0,0,0,-1,0
0,0,0,0,-1,0
0,0,0,0,-1,0
0,0,0,0,-1,0
0,0,0,0,-1,0
0,0,0,0,-1,0
0,0,0,0,-1,0
0,0,0,0,-1,0
0,0,0,0,-1,0
0,0,0,0,-1,0
0,0,0,0,-1,0
0,0,0,0,-1,0
0,0,0,0,-1,0
0,0,0,0,-1,0
0,0,0,0,-1,0
0,0,0,0,-1,0
0,0,0,0,-1,0
0,0,0,0,-1,0
0,0,0,0,-1,0
0,0,0,0,-1,0
0,0,0,0,-1,0
0,0,0,0,-1,0
0,0,0,0,0,-3
0,0,0,0,0,2
0,0,0,0,-1,0
0,0,0,0,-1,0
0,0,0,0,-1,0
0,0,0,0,-1,0
0,0,0,0,-1,0
0,0,0,0,-1,0
0,0,0,0,-1,0
0,0,0,0,-1,0
0,0,0,0,-1,0
0,0,0,0,-1,0
0,0,0,0,-1,0
0,0,0,0,-1,0
0,0,0,0,-1,0
0,0,0,0,-1,0
0,0,0,0,-1,0
0,0,0,0,-1,0
0,0,0,0,-1,0
0,0,0,0,-1,0
0,0,0,0,-1,0
0,0,0,0,-1,0
0,0,0,0,-1,0
0,0,0,0,-1,0
0,0,0,0,-1,0
0,0,0,0,-1,0
0,0,0,0,-1,0
0,0,0,0,-1,0
0,0,0,0,-1,0
0,0,0,0,-1,0
0,0,0,0,-1,0
0,0,0,0,-1,0
0,0,0,0,-1,0
0,0,0,0,-1,0
0,0,0,0,-1,0
0,0,0,0,-1,0
0,0,0,0,-1,0
0,0,0,0,-1,0
0,0,0,0,-1,0
0,0,0,0,-1,0
0,0,0,0,-1,0
0,0,0,0,-1,0
0,0,0,0,-1,0
0,0,0,0,-1,0
0,0,0,0,-1,0
0,0,0,0,-1,0
0,0,0,0,-1,0
0,0,0,0,-1,0
0,0,0,0,-1,0
0,0,0,0,-1,0
0,0,0,0,-1,0
0,0,0,0,-1,0
0,0,0,0,-1,0
0,0,0,0,-1,0
0,0,0,0,-1,0
0,0,0,0,-1,0
0,0,0,0,-1,0
0,0,0,0,-1,0
0,0,0,0,-1,0
0,0,0,0,-1,0
0,0,0,0,-1,0
0,0,0,0,-1,0
0,0,0,0,-1,0
0,0,0,0,-1,0
0,0,0,0,-1,0
0,0,0,0,-1,0
0,0,0,0,-1,0
0,0,0,0,-1,0
0,0,0,0,-1,0
0,0,0,0,-1,0
0,0,0,0,-1,0
0,0,0,0,-1,0
0,0,0,0,-1,0
0,0,0,0,-1,0
0,0,0,0,-1,0
0,0,0,0,-1,0
0,0,0,0,-1,0
0,0,0,0,-1,0
0,0,0,0,-1,0
0,0,0,0,-1,0
0,0,0,0,-1,0
0,0,0,0,-1,0
0,0,0,0,-1,0
0,0,0,0,-1,0
0,0,0,0,-1,0
0,0,0,0,-1,0
0,0,0,0,-1,0
0,0,0,0,-1,0
0,0,0,0,-1,0
0,0,0,0,-1,0
0,0,0,0,-1,0
0,0,0,0,-1,0
0,0,0,0,-1,0
0,0,0,0,-1,0
0,0,0,0,-1,0
0,0,0,0,-1,0
0,0,0,0,-1,0
0,0,0,0,-1,0
0,0,0,0,-1,0
0,0,0,0,-1,0
0,0,0,0,0,-3
0,0,0,0,0,2
0,0,0,0,-1,0
0,0,0,0,-1,0
0,0,0,0,-1,0
0,0,0,0,-1,0
0,0,0,0,-1,0
0,0,0,0,-1,0
0,0,0,0,-1,0
0,0,0,0,-1,0
0,0,0,0,-1,0
0,0,0,0,-1,0
0,0,0,0,-1,0
0,0,0,0,-1,0
0,0,0,0,-1,0
0,0,0,0,-1,0
0,0,0,0,-1,0
0,0,0,0,-1,0
0,0,0,0,-1,0
0,0,0,0,-1,0
0,0,0,0,-1,0
0,0,0,0,-1,0
0,0,0,0,-1,0
0,0,0,0,-1,0
0,0,0,0,-1,0
0,0,0,0,-1,0
0,0,0,0,-1,0
0,0,0,0,-1,0
0,0,0,0,-1,0
0,0,0,0,-1,0
0,0,0,0,-1,0
0,0,0,0,-1,0
0,0,0,0,-1,0
0,0,0,0,-1,0
0,0,0,0,-1,0
0,0,0,0,-1,0
0,0,0,0,-1,0
0,0,0,0,-1,0
0,0,0,0,-1,0
0,0,0,0,-1,0
0,0,0,0,-1,0
0,0,0,0,-1,0
0,0,0,0,-1,0
0,0,0,0,-1,0
0,0,0,0,-1,0
0,0,0,0,-1,0
0,0,0,0,-1,0
0,0,0,0,-1,0
0,0,0,0,-1,0
0,0,0,0,-1,0
0,0,0,0,-1,0
0,0,0,0,-1,0
0,0,0,0,-1,0
0,0,0,0,-1,0
0,0,0,0,-1,0
0,0,0,0,-1,0
0,0,0,0,-1,0
0,0,0,0,-1,0
0,0,0,0,-1,0
0,0,0,0,-1,0
0,0,0,0,-1,0
0,0,0,0,-1,0
0,0,0,0,-1,0
0,0,0,0,-1,0
0,0,0,0,-1,0
0,0,0,0,-1,0
0,0,0,0,-1,0
0,0,0,0,-1,0
0,0,0,0,-1,0
0,0,0,0,-1,0
0,0,0,0,-1,0
0,0,0,0,-1,0
0,0,0,0,-1,0
0,0,0,0,-1,0
0,0,0,0,-1,0
0,0,0,0,-1,0
0,0,0,0,-1,0
0,0,0,0,-1,0
0,0,0,0,-1,0
0,0,0,0,-1,0
0,0,0,0,-1,0
0,0,0,0,-1,0
0,0,0,0,-1,0
0,0,0,0,-1,0
0,0,0,0,-1,0
0,0,0,0,-1,0
0,0,0,0,-1,0
0,0,0,0,-1,0
0,0,0,0,-1,0
0,0,0,0,-1,0
0,0,0,0,-1,0
0,0,0,0,-1,0
0,0,0,0,-1,0
0,0,0,0,-1,0
0,0,0,0,-1,0
0,0,0,0,-1,0
0,0,0,0,-1,0
0,0,0,0,-1,0
0,0,0,0,-1,0
0,0,0,0,-1,0
0,0,0,0,0,-3
0,0,0,0,0,2
0,0,0,0,-1,0
0,0,0,0,-1,0
0,0,0,0,-1,0
0,0,0,0,-1,0
0,0,0,0,-1,0
0,0,0,0,-1,0
0,0,0,0,-1,0
0,0,0,0,-1,0
0,0,0,0,-1,0
0,0,0,0,-1,0
0,0,0,0,-1,0
0,0,0,0,-1,0
0,0,0,0,-1,0
0,0,0,0,-1,0
0,0,0,0,-1,0
0,0,0,0,-1,0
0,0,0,0,-1,0
0,0,0,0,-1,0
0,0,0,0,-1,0
0,0,0,0,-1,0
0,0,0,0,-1,0
0,0,0,0,-1,0
0,0,0,0,-1,0
0,0,0,0,-1,0
0,0,0,0,-1,0
0,0,0,0,-1,0
0,0,0,0,-1,0
0,0,0,0,-1,0
0,0,0,0,-1,0
0,0,0,0,-1,0
0,0,0,0,-1,0
0,0,0,0,-1,0
0,0,0,0,-1,0
0,0,0,0,-1,0
0,0,0,0,-1,0
0,0,0,0,-1,0
0,0,0,0,-1,0
0,0,0,0,-1,0
0,0,0,0,-1,0
0,0,0,0,-1,0
0,0,0,0,-1,0
0,0,0,0,-1,0
0,0,0,0,-1,0
0,0,0,0,-1,0
0,0,0,0,-1,0
0,0,0,0,-1,0
0,0,0,0,-1,0
0,0,0,0,-1,0
0,0,0,0,-1,0
0,0,0,0,-1,0
0,0,0,0,-1,0
0,0,0,0,-1,0
0,0,0,0,-1,0
0,0,0,0,-1,0
0,0,0,0,-1,0
0,0,0,0,-1,0
0,0,0,0,-1,0
0,0,0,0,-1,0
0,0,0,0,-1,0
0,0,0,0,-1,0
0,0,0,0,-1,0
0,0,0,0,-1,0
0,0,0,0,-1,0
0,0,0,0,-1,0
0,0,0,0,-1,0
0,0,0,0,-1,0
0,0,0,0,-1,0
0,0,0,0,-1,0
0,0,0,0,-1,0
0,0,0,0,-1,0
0,0,0,0,-1,0
0,0,0,0,-1,0
0,0,0,0,-1,0
0,0,0,0,-1,0
0,0,0,0,-1,0
0,0,0,0,-1,0
0,0,0,0,-1,0
0,0,0,0,-1,0
0,0,0,0,-1,0
0,0,0,0,-1,0
0,0,0,0,-1,0
0,0,0,0,-1,0
0,0,0,0,-1,0
0,0,0,0,-1,0
0,0,0,0,-1,0
0,0,0,0,-1,0
0,0,0,0,-1,0
0,0,0,0,-1,0
0,0,0,0,-1,0
0,0,0,0,-1,0
0,0,0,0,-1,0
0,0,0,0,-1,0
0,0,0,0,-1,0
0,0,0,0,-1,0
0,0,0,0,-1,0
0,0,0,0,-1,0
0,0,0,0,-1,0
0,0,0,0,-1,0
0,0,0,0,0,-3
0,0,0,0,0,2
